id,points,deviation
0,1624.8703999974464,56.47016231756799
1,1488.7049330921586,39.966530037824995
2,1394.5524601693687,69.31579724129213
3,1543.3030957486305,57.51953087012447
4,1357.9531106489057,67.97328454096241
5,1957.5766512364778,54.86793876296423
6,1439.8589814509503,60.59040360335201
7,1915.1312285216854,45.77327878251052
8,1283.9611159400934,41.62301187320291
9,1461.77757191441,59.46288206459942
10,1587.8903852000756,54.62654667411085
11,1374.5467678955356,55.90529767086107
12,1392.1727638136995,59.712104992307175
13,1656.8213831777584,44.056672644076784
14,1643.348770498504,50.20138094928123
15,1388.0289918419414,39.90656697053161
16,1678.2278713079231,45.824673716943586
17,1224.7745726515373,50.62929196355383
18,1682.8684043935182,27.187456501107214
19,1631.0662999423444,42.75841560873707
20,1609.9054955449385,48.00220620799307
21,1376.3290217179024,49.40259768426655
22,1386.458309749554,35.31878602107325
23,1322.4238513681307,56.969274523494
24,1613.9616642441888,37.273719304475776
25,1035.677930133769,45.17289916887184
26,1568.469303523837,68.6314996630597
27,1102.2270285207871,41.7899221253508
28,1345.3664300736993,43.66095225136657
29,1298.4983039768767,64.69902590333818
30,1494.072892044431,55.1097914453624
31,867.6087801505033,44.98699219392294
32,1120.991498665268,56.75705092420104
33,1490.5405878561153,34.09232341539891
34,1503.8497058595924,34.984286924632045
35,1806.887858510598,44.164026169329574
36,1843.8181984952043,45.10057905266931
37,1524.4973166700374,38.27237737128216
38,1977.5127613875661,54.51677321493946
39,1759.5449189617084,49.244547548303046
40,1478.246847342616,50.45268781020113
41,1939.7939745985761,26.574706607018083
42,1845.5939430474446,45.27923467217393
43,2003.7349309833596,39.851534884913136
44,1512.9749320712442,57.50868806889833
45,1746.263831229004,41.478468859978804
46,1314.405203270051,59.84013705845149
47,1606.0997979622018,36.30338103966676
48,1662.8591384610052,62.64838247505025
49,1701.9413948179872,42.104223414346215
50,1194.2275127556748,30.295414770024397
51,1712.101129808404,43.51393776992929
52,1455.9304884636865,55.60437040072902
53,1296.0889025895945,36.528932274785085
54,1360.7007477223847,53.69926070426261
55,1186.5166695691707,53.8691136202643
56,1444.2762767668596,35.25049176551042
57,1582.6226160314552,48.95073812195013
58,1318.502871385852,23.38685098625159
59,1188.5767784337047,88.50779452693612
60,1699.692049769105,46.370412812360264
61,1657.4877499211618,45.69039527270906
62,1436.5752506086287,54.098215777490246
63,1763.806151679224,35.36944205159305
64,1564.2030255093837,40.8492167826129
65,1523.3281026243346,41.52164197201852
66,1701.2817558782533,45.8201890900795
67,1720.246981065394,50.8893564160505
68,1405.672188156384,50.82545928778158
69,1430.015748425538,47.66513614993891
70,1340.2930972198214,60.835135657778736
71,1495.3445181923428,62.51864061457427
72,1246.5892337532373,53.71489314550979
73,1484.2030912554014,53.83126183014301
74,1432.2507745446446,56.380666965877154
75,1422.7723596617752,43.48221935592073
76,1329.1680207571221,54.94223878462848
77,1602.8490309962806,56.973681479864844
78,1418.593838592694,43.25574566454398
79,1159.5383433379873,33.29186330969927
80,1144.0756825966578,43.6771724488188
81,1536.5136431073327,54.408173636083774
82,1336.0183118762316,32.46712062466645
83,1588.6634208882285,36.60095630231204
84,1205.5233469980594,46.51551517993121
85,1378.6891994468574,48.0140877802598
86,1505.4214241742839,49.43244959076476
87,1584.8034368599156,42.85585680448706
88,1709.657729569316,30.402543398920393
89,1760.5068088300777,36.821550799201354
90,1428.4064256521165,50.43498921397193
91,1586.0151226216447,60.28614041048217
92,1492.7680518539078,51.85660284893448
93,1395.3415336002706,52.290017790765404
94,1532.34607644038,50.002706308156284
95,1443.4930932109817,60.8195316922202
96,1393.0768937765222,54.02486411073296
97,1446.3011358410085,44.39880504979817
98,1325.0588719700593,68.38178185935624
99,1324.0998319134671,64.14743872459182
100,1210.1947859648224,44.029766663911985
101,1525.3466096996772,52.46454283770326
102,1570.9200810653322,77.00091325436973
103,1330.4256135239048,58.34538665909732
104,1687.0708821729438,43.68643820795628
105,1655.1724892715206,44.68755371455326
106,1829.0975535135199,59.886361253997826
107,1321.7344486695056,54.00137532019226
108,1589.8836304022059,56.038778371097784
109,1407.750134247408,60.557159243199216
110,1407.8006761817392,62.333568711370695
111,1482.7790080845896,46.220230422396845
112,1563.9256508341618,52.451683459187095
113,1733.9066520131837,39.24919094638568
114,1426.1681968673756,59.37552545378439
115,1297.3324325480144,62.438648627097756
116,1554.0315908898847,63.64042655810671
117,1573.9639731678876,49.24396839039542
118,1375.6747391207994,44.753367433813935
119,1590.2921155638423,55.388992430526386
120,1262.5756869714419,21.80734574524483
121,1798.8970106086595,41.54336210377318
122,969.8304933900536,56.54589657390381
123,1210.378619154872,53.779378769443774
124,1523.0677946867827,42.34202748167109
125,1479.0728054066335,42.11104575287375
126,1593.9634506399495,43.50820325986945
127,1543.4591971444206,47.29223658804394
128,1533.9667280310616,44.985258403361854
129,1751.7940329075268,45.09505356270596
130,1469.0017865911946,41.256085886075724
131,1376.3212216649567,53.165303291454
132,1779.656805184401,59.963585836705356
133,1387.896840177836,52.565488470721924
134,1585.8136901076587,60.196800652216304
135,1718.124660056416,60.566992558107415
136,1343.5805730608508,64.7777269342274
137,1562.2162133816064,40.570636468225416
138,1450.76732754667,46.286154754944526
139,1444.9262156484056,66.16387579687517
140,1728.5629493845358,63.65501323042309
141,1268.4184310024718,38.78099633083829
142,1470.2152752273362,44.70129782102738
143,1389.2586738357911,64.85594042286654
144,1281.4617534523907,53.10936699404449
145,1578.749974897589,47.28784677228547
146,1022.1357074644425,68.68374658804385
147,1541.2344544558946,59.576909658510395
148,1219.5891933551118,33.36154099421725
149,1514.1061006588684,57.521332121627886
150,1463.6965700406595,41.03167869469992
151,1554.0798455688637,35.76256130693305
152,1810.5085344911035,55.02466495288164
153,1838.7410615426406,63.65607918943384
154,1422.412377655029,32.083234955006866
155,1655.4988724531618,47.51240391381955
156,1349.5416412987631,44.76654340983724
157,1379.665371520955,47.94551591352993
158,1893.375445120477,47.95315476562522
159,1723.1284558664813,59.18594216590864
160,1648.3673808259534,55.14403233479834
161,1691.9211926349517,49.44447393300032
162,1207.5502116017421,30.851126850877474
163,1686.2826773012944,55.273482635532424
164,1513.0042847788507,42.92330169117466
165,1428.1680665735303,74.1914642437846
166,1477.0114476663603,59.63828840339643
167,1306.6068632764413,39.18220560823185
168,1409.1915647234782,40.071028739436834
169,1152.8961107629148,65.589949159257
170,1683.0090841998065,62.938681724530845
171,1878.249576656149,57.25280316261219
172,1657.0032423712157,63.69365242182174
173,1429.6216749113717,44.3758317520776
174,1473.7497277248747,69.13161484364917
175,1548.3190730558001,51.7191239953936
176,1272.2504138087456,46.743779615802524
177,1185.094397330287,54.55359424054706
178,1456.598334696113,58.883680583693106
179,1415.9451254730957,69.2754277544514
180,1200.1331888236043,40.71952244530188
181,1569.8353255456946,51.93727421931886
182,1213.4738309597547,51.29785003805519
183,1221.9463801082597,48.73682407059122
184,1530.1006141845282,52.72765330168488
185,1111.5631205355985,44.60931620249047
186,1514.4749375612066,46.50382331856461
187,1455.970517200056,71.33340972933466
188,1497.3017369783202,31.92579722726815
189,1248.3121754460165,52.832798520646776
190,1626.9993239753055,49.03932380248034
191,1304.2722533629742,55.54098944683785
192,1229.242715367317,51.56454585128088
193,1435.4083201235524,66.03171225227172
194,1246.5279545651333,42.390687726013525
195,1562.047244530351,46.87737988231511
196,1569.2209706123278,69.77099194362476
197,1360.3420177163064,43.671594442634174
198,1605.5781754690915,37.717980977537216
199,1854.1318499567305,72.12042280653093
200,1425.9055564614189,44.5286414704097
201,1756.9995283992148,71.70151412262415
202,1776.0904780106064,56.83713705418751
203,1000.3012291751991,60.38582306468835
204,1585.9718206536384,38.72014797651536
205,1351.0930929668841,59.557620160972
206,1440.381198879556,37.66419828887183
207,1483.217127239055,41.04441744731183
208,1554.905115347832,63.67595997990619
209,1458.6018702877886,48.52649815019746
210,1509.5580496552384,58.23871807064033
211,1581.6667793166841,50.36623872244125
212,1401.6993128338952,46.39559866039199
213,1378.8372744765268,54.34125282514099
214,1386.9732344115603,60.7564261201028
215,1499.2007780824422,52.45615212469493
216,1666.675448919005,46.847235232101696
217,1410.067759079708,48.62885329704068
218,1250.5712525805388,52.999443457505464
219,1263.6739051326504,50.47644217856128
220,1635.2538317636404,47.34670518617231
221,1872.3130003041024,44.63378409660132
222,1486.8476551705555,61.68964547512124
223,1082.5839181347396,47.59833579397684
224,1474.6952984345073,41.667753376141945
225,1339.23552887585,47.76690825136108
226,1567.1219228820116,41.628069548355995
227,1114.94375230777,41.802668842635974
228,1360.4792297991378,48.0986459327887
229,1491.5683654105349,46.03182250163703
230,1711.1733119010523,46.70799748222796
231,1637.9923121995564,27.31976747207962
232,1653.90083004749,66.40317197928485
233,1725.1307422560094,32.6048120474664
234,1679.3855392743346,43.895923051022955
235,1321.2946986737002,51.05516125545938
236,1312.6486338932236,45.389627897865466
237,1253.9310163765103,52.80134217495532
238,1448.2235656460005,50.3072751634295
239,1661.3399666728617,57.60351625109913
240,1013.2170059265482,58.78005685001361
241,1299.508717165203,56.440377055211584
242,1360.2906503119495,53.735023519164535
243,1318.8126273375565,51.069102685872174
244,1424.2420311308485,49.274166531721264
245,1510.8455201800405,64.08088095155918
246,1285.73824014687,45.87050504234854
247,1326.8970613819527,44.40201240543743
248,1624.8728479254316,50.48763866490074
249,1735.1842658123812,48.62791691749852
250,1465.0597694865548,53.909998402122156
251,1645.5868246045086,49.366579962260914
252,1834.845728388544,57.37927526800211
253,1577.1997686830764,47.532090001767386
254,1358.149717248628,65.78144378540877
255,1439.5708693446986,50.50348478684602
256,1352.8805952072462,57.428104161180116
257,1856.968211238571,45.09768942769817
258,1736.844073585661,57.482750478019604
259,1530.522461807875,50.012195800326545
260,1617.8116115323223,65.21922372112998
261,1449.8690815198404,58.475711427566125
262,1461.589231539827,65.58033827085316
263,1580.8349890088923,56.98204364717426
264,1467.1826564428168,52.454535439018805
265,1340.7490927739234,66.0795709318247
266,1700.1010554478592,43.218553541876
267,1453.5380952870255,35.607826940119736
268,1890.4894809123066,42.999100058396365
269,1540.1289175865722,36.0646262585377
270,1661.955754542459,38.02727067838754
271,1662.0350138211595,55.71518254549728
272,1163.1586209263344,33.62680869364972
273,1640.9792833988702,50.27895674838681
274,1690.4696974518858,50.3076544031064
275,1595.8375544250057,62.23892993933807
276,1300.4044630481244,46.11594069560035
277,1557.4176378337208,57.500123982144444
278,1521.6566971511459,33.74986849814739
279,1662.1337135564536,57.710159021473615
280,1574.6082707268479,24.90778193744971
281,1350.8055731184952,75.72824801808275
282,1481.355172539332,54.08542018205621
283,1193.8999575676962,33.7163845837292
284,1123.7083493607893,54.29974337342605
285,1637.0576941287525,53.05942231164499
286,1888.242873242081,30.673764559955153
287,1357.5999474176479,41.20014436155824
288,1295.9687938170916,61.18883147344221
289,1653.9121112914802,56.29226459155284
290,1755.400744247157,62.71499353151789
291,1633.0659438526006,35.82139002938245
292,1338.6504156723204,53.93089367604968
293,1442.0002670973897,28.64793609317565
294,1089.2836423918627,49.101422966199436
295,1165.5921069575074,50.52272482203177
296,1617.1497955457467,65.58728908388596
297,1400.29156306747,44.72339828942985
298,1813.9157183388268,52.710254245231695
299,1554.947472448606,70.53291941123979
300,1381.5704984972417,50.91214331000069
301,1356.860972308561,63.59965883014739
302,1676.2401561299855,60.348536231307605
303,1602.7329872936898,55.873584769417725
304,1384.6265014152589,61.86816303947769
305,1477.8935203634844,56.0214229306854
306,1503.5860538692375,36.71892739961259
307,1785.7633715096893,57.014591098642775
308,1811.3747498372495,48.56106558230581
309,1327.3472209573013,52.21346193645323
310,1427.258436143514,35.708340900185576
311,1591.0560359121744,37.991215386933554
312,1603.0618025493995,45.145107135910955
313,1526.2252779914675,44.155210493313454
314,1665.0769986728642,40.01484707637055
315,1405.35584092798,49.710137867765276
316,1481.5587907441757,40.95827348542848
317,1638.6172939664277,56.07154831865146
318,1687.2143195775475,53.48017555904347
319,1416.2370654813897,45.89697282340945
320,1665.7155101520443,29.333879806191984
321,1593.9333841512594,46.569944360639035
322,1863.1366647282775,74.47778766015041
323,1597.8159434635224,44.01565652873384
324,1313.6445054703315,44.016114576370065
325,1323.4218775544841,46.53002709742775
326,1514.2507779433834,60.6150102370044
327,1374.5891686451948,59.55713201065632
328,1448.7619920783216,53.08533137021885
329,1494.114253091142,71.49874310502435
330,1650.9708953554928,47.02207602252597
331,1576.2865929958418,62.43851428211804
332,1512.8616667775132,62.01007624654129
333,1341.8887862894474,54.8893877498396
334,1337.3199383152228,42.0568967653273
335,1583.0438308508703,48.84671788677075
336,1352.65502929319,40.36481134623095
337,1479.0749805958178,49.539011997385984
338,1219.5767296694742,51.77691985167103
339,1587.315025025105,38.47900257928618
340,1693.0173446016943,53.56457851893103
341,1327.4030027278232,62.5659109064986
342,1691.102575734484,51.39382328084334
343,1278.8242172621308,42.01337878130293
344,1401.7850456746974,30.72877791260182
345,1040.0682542384982,34.27659644889233
346,1682.8739501206255,51.19312355614975
347,1437.8300155179631,60.25978501572695
348,1471.3911486430977,36.53677804304253
349,1435.291674579417,60.21779491713716
350,1413.388032653798,52.64652478274868
351,1349.4347643138792,46.89667075041816
352,1546.9319929651076,57.996651496786974
353,1224.8556706380987,49.288731322604214
354,1447.3218124440336,47.63691412056272
355,1721.890408386467,49.12336761282359
356,1368.064710740791,49.48402623476359
357,1826.2351132519723,33.01803119042479
358,1477.5062719399036,49.38050953622232
359,1367.1623225846415,47.20625942664095
360,1420.1632656801596,41.362936828280596
361,1679.1183695061832,53.45155764720578
362,1456.769539992245,39.611000300589886
363,1448.22785230552,46.03406106276052
364,1727.0799813879214,41.786042289423236
365,1632.960791555468,60.12306021896385
366,1585.9194013058973,55.07155273817408
367,1213.8597819872743,51.51955036905385
368,1707.8139127071759,60.87032703252319
369,1509.928515331856,46.815660593751176
370,1699.9827926992477,36.813379027023736
371,1201.6626882415167,48.79026692322457
372,1539.199077381804,57.68007926891993
373,1576.4900058888568,64.57272906526322
374,1781.0457359145094,67.33930652953134
375,1773.7135587819314,57.28323429154233
376,1634.0241869828635,36.7198134194216
377,1283.3309163291444,47.12895821145219
378,1493.925855905142,32.80549655148888
379,1533.864968207905,48.80693902155916
380,1605.8178906172873,56.57067177846983
381,1481.1029234924704,52.596666503856696
382,1726.6863986687047,44.51245187312549
383,1692.5351238485332,49.778981137483484
384,1730.82416251775,59.01575364062556
385,1286.6847085788168,43.81636757485893
386,1253.7493982259077,42.107722659092694
387,1633.0822573531564,44.81683224938874
388,1564.9364320474137,55.5096207593139
389,1334.9852162737047,45.652953613083646
390,1434.8735282598964,59.396292963995634
391,1584.91400664434,58.61116925793056
392,1737.2403689531159,35.76606659453593
393,1362.0242953855543,60.55074397710641
394,1441.8630903464461,68.08249464494163
395,1715.2403547257377,42.495432553311545
396,1186.4119525960714,36.11570753517287
397,1033.73729136253,52.072468595817476
398,1393.333218412414,56.997573815983294
399,1705.879912434416,46.9022984992928
400,1719.0789651500354,36.4135633068086
401,1418.842826961025,45.877453928164684
402,1600.2073022606485,51.480183054610194
403,1591.7624031802436,49.08439345393228
404,1499.746757608008,46.16984729338347
405,1124.494869243002,43.46399989924947
406,1565.1795488023993,46.750083266636786
407,1584.5827905162278,37.50666770193733
408,1385.001098514035,60.32513990743581
409,1476.5820046819797,47.563643565201595
410,1320.0474049023123,53.04708683728792
411,1363.6013114749076,39.269292484912434
412,1745.1131065799095,33.33798055490284
413,1505.1492438110345,55.525858071417765
414,1484.9751540193618,57.0355500627336
415,1149.26092476983,56.416396104635965
416,1842.5447625759712,49.171160163887436
417,1750.5147449533445,73.64252424157023
418,1257.214880850063,55.138821419144925
419,1607.360596469053,49.49544826859357
420,1211.2051536583374,45.58353838977322
421,1578.806420778892,58.02808216431495
422,1669.3600477393622,54.12949483856578
423,1413.9328696721693,27.45917369329924
424,1648.6897865102987,46.88729314083242
425,1595.8504132163805,56.72308384761364
426,1420.9240126765933,30.47436312835387
427,1627.2323839319909,35.86068647298228
428,1609.1728109721257,40.192432646478544
429,1354.1497846738635,37.25629521610239
430,1675.6954209319128,41.43169103568573
431,1225.7180795720164,53.020999622325604
432,1239.906623947499,59.54546668322835
433,1660.8076635311477,45.609510575697456
434,1501.800602812497,27.127513354541705
435,1570.9854043208184,36.95054182661548
436,1446.320178231243,67.71847032222914
437,1602.9812826612308,48.053557553091196
438,1712.0629266512544,44.57472747107144
439,1633.3169899197221,44.746458402045874
440,1579.187491691493,48.481885690434986
441,1202.663923182642,65.48961442956109
442,1533.5274547736176,43.742313670322794
443,1468.5310071597646,48.67903620263121
444,1717.4776740507368,39.187372347989545
445,1529.582305324277,63.75946305657314
446,1211.482838467984,43.8552182950352
447,1561.54220858213,64.10178257342045
448,1528.1810870855659,40.924259743588735
449,1301.8114783891983,40.89297922953115
450,1277.5953597204957,66.72321363109982
451,1351.1354439488641,59.484816269102545
452,1670.5720093792488,47.919050790497764
453,1711.2515831786425,59.40303660041127
454,1628.3562195295715,48.08949646651467
455,1264.3983123419946,42.203951831591255
456,1448.3371797174518,37.44407135973868
457,1552.4313641245349,39.720464577197035
458,1640.1016895549876,57.82836252971388
459,1615.8155919356,60.72361963583849
460,1656.5258785790274,48.35316719435741
461,1809.0566831421286,43.907987115048556
462,1361.0389414713577,62.86812791342669
463,1192.991972227566,51.47258693736614
464,1324.386724057668,31.43771227765875
465,1463.778890021642,49.75691851776012
466,1492.52054435687,43.7667013795021
467,1487.2690993159326,46.53510916405915
468,1672.4465668369087,67.56907551029641
469,1511.0464064817138,72.58635204025538
470,1388.991196765781,48.299048847426405
471,1639.5961824541375,47.40165756174847
472,1627.777018857207,31.704155738937317
473,1237.6604959892784,45.37226662860903
474,1580.4075196717642,41.01066515904974
475,1543.212480710849,54.66908954648442
476,1861.6756641977663,50.77380008308966
477,1834.0133150059573,68.06544344385912
478,1443.0541311612446,51.49084602838897
479,1522.7362093598288,54.72104044503084
480,1532.7318189548405,53.04580383005752
481,1463.5454048214892,38.6205722260875
482,1309.7124010200578,41.540712393240824
483,1309.0923282436197,60.33404719528873
484,1492.4874072924324,28.99439037089676
485,1662.1963469659026,46.524299870998696
486,1353.768446268047,45.84712845307306
487,1331.7879945660789,56.163938367603805
488,1473.7754738796032,50.446282324426996
489,1425.1053797474842,44.8507045934137
490,1570.4963007500894,55.334586865757295
491,1369.5310496174327,50.389653254765804
492,1018.8871772774735,44.398678924975115
493,1697.893171851606,56.83462855998908
494,1402.9387340087117,50.30562817058595
495,1720.6101428536126,48.03277713516824
496,1431.4142599872903,53.97042743435672
497,1534.6288013931419,64.23804034358267
498,1559.1123491414626,45.27442655747391
499,1467.938638916262,45.514306807474256
500,1484.647364019537,52.06269069348271
501,1740.0721094220498,45.4381094204502
502,1584.1964349689385,50.11449829541805
503,1367.0234877537591,38.12794558056743
504,1445.5971440548508,52.161283881007265
505,1612.1009566984083,76.51004654536617
506,1509.5827658046442,40.26724859854958
507,1123.7667026674164,52.903672116772896
508,1692.3921123934288,66.7331713584438
509,1601.0205885868518,44.51454351054551
510,1517.441267584896,29.99918534390989
511,1284.8365755897303,48.13967247232144
512,2030.60116529481,46.72982829830154
513,1665.1616232607691,48.69765699966212
514,1439.0663625562966,48.28916046197325
515,1545.473333477785,53.21535597224487
516,1466.5549298079732,57.41601792248172
517,1425.5876164925128,57.801697221114395
518,1524.8447711265337,52.547788961841455
519,1541.9618479083115,71.5130485402314
520,1412.6340679712014,46.7319504391821
521,1419.6290001479747,53.18378905991301
522,1567.2731123442259,49.19523497168572
523,1376.8934797793472,55.88589846734503
524,1648.393121447808,43.87842726307632
525,1337.018212292718,47.66479860030435
526,1400.0037004890041,45.75969516054038
527,1810.6909253687427,45.17154894997546
528,1486.5855770896303,39.185248451908336
529,1477.4209311125871,58.150054673184826
530,1629.6942856490728,46.316350375164376
531,1518.4260133013167,44.19483038914135
532,1409.3875963316689,61.80833599649585
533,1761.992621654987,52.278932740845704
534,1592.6688811820052,49.45141091701084
535,1666.311802655928,55.81301885085017
536,1591.1561749983873,43.508320880952496
537,1699.4774866030266,51.266792315275595
538,1554.5985678179536,41.28452721899684
539,1756.442857543214,28.778159060474962
540,1560.2508327912994,35.65566487511262
541,1517.6162532734384,61.77368359187748
542,1534.3392275791505,51.59798116328517
543,1440.1915410909335,38.76028388127204
544,1583.9314000666895,59.22984338538212
545,1423.576263112077,61.705801982802896
546,1500.6724855679115,66.6584246929305
547,1276.5278603289153,41.5464644555359
548,1551.408575546616,44.06810370108576
549,1662.0371292646273,38.95093209414113
550,1460.222114935717,47.03846245567063
551,1541.2997463152929,43.856082904587964
552,1391.2773811569732,59.98861903534585
553,1455.0384697349616,48.12967973253952
554,1901.8440630461796,53.815898146613726
555,1243.3651553472014,44.72064964683316
556,1358.8398922920396,74.95760961061822
557,1603.2561016577076,42.00691160738713
558,1547.5364085785764,45.68985031335015
559,1165.461953714071,57.25105748105599
560,1578.842948612104,48.38440736277311
561,1462.0896084299775,44.862055851808975
562,1492.3764899637088,46.711261791487004
563,1352.01928588713,52.729471573949716
564,1345.1386620294202,47.82559510530879
565,1304.1579021708485,44.87854094644671
566,1826.0265949540685,46.25098838157331
567,1469.034364986511,49.0750678998245
568,1534.4173805483476,49.64553445825253
569,1550.8658349196182,47.508357562491085
570,1430.2608613510863,59.16205018318999
571,1663.3455185204803,40.704582706025256
572,1400.5964591695317,42.55736306089011
573,1610.3309536834893,73.10843613444062
574,1447.2306895272761,61.510041653893225
575,1554.9360468983323,27.82980495776259
576,954.3910401548011,49.80489254360319
577,1451.1672721728132,55.99027560289356
578,1583.2363575661166,48.84972964082742
579,1262.8608763008092,55.064191289458044
580,1789.258898540674,52.24703668173739
581,1261.7700670695776,44.12207840630187
582,1711.233810893747,45.61259577385101
583,1519.289420844992,32.977215529651176
584,1526.496493307802,64.94556708842532
585,1839.447394176511,44.224134099595744
586,1676.1056149908527,40.562438233251896
587,1676.9815626757509,49.7772037766696
588,1342.4662941627132,47.08299205165551
589,1555.583190497218,43.1919765811124
590,1486.6636179381676,57.92417530063767
591,1529.097638133461,51.345553629671784
592,1653.1731421139732,55.74500088449607
593,1428.0932206252987,43.64263258884413
594,1423.9685811792513,48.678810214653915
595,1402.0311751350505,56.56703856166417
596,1708.7492700386313,60.05948085788337
597,943.0248104863488,30.634395609160947
598,1699.0978370654825,49.493135928763785
599,1462.6270915566804,65.84980819924161
600,1807.1072631251982,33.587906742870544
601,1720.8428992283075,61.08704058580834
602,1298.1743988884275,42.51639669907694
603,1511.8390144852885,67.68582568774448
604,1538.6196467762468,46.38865355622557
605,1357.8675334923016,43.6211628209123
606,1910.5353664956792,33.055186133039435
607,1636.7247810487188,53.99731362693048
608,1751.2876382542177,40.46305647553784
609,1519.6604910527544,45.537337621138605
610,1609.7334029468125,69.62239658926975
611,1827.2019157961702,59.29945355057225
612,1956.0171822031048,39.74572149088493
613,1514.8934073272358,39.502781690220715
614,1561.9280658367009,67.15908475185397
615,1613.0923445468518,39.37727309180005
616,1666.990438906733,48.18949131029635
617,1444.476937936012,38.475121196038984
618,1515.507876585105,37.46859756653336
619,1371.1834822269952,56.895737124552774
620,1421.4062545050901,59.82496391716175
621,1557.0733059895695,56.02880405520544
622,1698.8548111612763,49.91709989105562
623,1525.3176131378968,43.75442391274855
624,1587.7909749855096,50.98375007233743
625,1768.3663381265612,41.166287058840474
626,1527.1223623778458,56.993394279170296
627,1624.1951173970338,43.938792440992934
628,1627.2871966604962,62.55157113216585
629,1892.5771473840746,42.2492179141683
630,1565.96265830183,64.62572203966218
631,1482.0816260708875,46.65816070040186
632,1257.537562845046,62.958993922681685
633,1614.5031682385556,51.401916546758564
634,1458.7321136365322,61.97539592479778
635,1564.0928530457638,44.33139313399613
636,1309.0302432351566,62.25633624529337
637,1703.5176831540318,50.20584650152308
638,1688.2581596071357,28.625140180820793
639,1726.5539483560501,59.086126676329215
640,1569.7972091413858,35.9475862497691
641,1436.2737136765454,46.415319411020995
642,1134.717691594871,43.23046653444087
643,1354.1133286494903,59.10973582930049
644,1476.2001819131451,45.09504534984596
645,1348.3626108734752,33.39972418803454
646,1254.2351164452507,44.19748442838075
647,1636.0669104028586,46.383501914957264
648,1191.902652732616,59.345201777431555
649,1266.8359618694965,46.301681563451126
650,1714.2117609167854,45.061671962669976
651,1463.0638455414528,64.77602859915953
652,1358.0778578862494,54.71593760581282
653,1568.308087065406,41.699348517372215
654,1688.3636070408043,63.81230921048128
655,1103.3716321709326,53.31984492378551
656,1506.4755052132834,59.067736319578785
657,1540.383200290652,54.461709114755706
658,1715.6171300381973,21.577355863050748
659,1634.6899368134527,62.564610440693286
660,1176.0228095318034,49.05676171785696
661,1582.066266357487,55.34117660630203
662,1113.0549007625802,59.5419808079267
663,1441.545129453235,56.779977446597925
664,1123.8352866229402,64.007287562167
665,1192.1518122085934,67.22951151660037
666,1517.4286592707724,42.0335362109876
667,1489.2671871559603,59.24894353480216
668,1251.3634191980216,44.417277069675656
669,1592.7896813578911,45.964010314912436
670,1694.9087533359148,50.70439026792855
671,1386.2852033467852,43.5785871016885
672,1541.0501587665894,48.96091716912664
673,1424.7530072059917,44.31803037362827
674,1559.4036528840886,52.42668780621175
675,1705.4651410568017,27.60358349647195
676,1523.6794498974639,57.69872624403111
677,1531.1605422225239,37.808141800601916
678,1656.721830503868,49.975965324587186
679,961.9882334185223,43.61986217854792
680,1465.116963950705,55.17995865251736
681,1187.9159122397357,63.18644931964397
682,1498.8484459941924,60.42292191765563
683,1441.1152003610837,64.00983099784484
684,1455.6587038856787,39.89703547630505
685,1484.7552813905447,60.057172994152346
686,1496.126087790531,35.71436929674022
687,1525.1422712577153,29.16102502216021
688,1309.6901662443383,41.654150574358
689,1458.7351680842107,46.597358610520004
690,1617.9649880417348,61.67469915778911
691,1504.1136128444762,59.947161126428426
692,1678.4031207855112,33.6412862324116
693,1331.534733258995,31.24648785809446
694,1415.1093087732597,52.86363376495168
695,1367.03572528659,48.275439856568056
696,1133.2714184456304,41.59468008895324
697,1863.8671300125843,44.74903087991242
698,1582.5047800323005,32.006024634505515
699,1446.8451546852268,51.070525879679934
700,1720.5070547187447,41.90238739095116
701,1611.7567051789938,63.383114737998014
702,1189.637290015739,53.388964886579735
703,1714.4760382475051,61.71786293121471
704,1498.3084036154173,55.34122156831802
705,1143.462652773422,43.76187611366551
706,1442.608262549083,45.43714469188878
707,1353.1387781189949,35.01660394436186
708,1587.4484298567113,55.88318634307677
709,1574.8272087017988,52.517123510412574
710,1277.2495152460806,34.135995146601815
711,1167.0646637332986,57.197596703701926
712,1699.9994104941766,42.82227570586263
713,1625.8955800986716,49.924879569795
714,1255.5925792203907,44.94975186915825
715,1372.7428617671683,39.21878129307221
716,1386.4319804986994,47.832913403875054
717,1135.394969585925,49.49395386788576
718,1607.1755406375678,47.96020688799681
719,1636.861967332756,42.49024017831633
720,1392.5217610006243,49.01098701927722
721,1720.6740657945793,41.709990509604495
722,1385.2271615019845,56.58596914608031
723,1357.503048476644,48.080906330317234
724,1284.6652357333487,56.49572229693654
725,1521.2841341900307,42.95736865762824
726,1406.803046980797,46.76945407983746
727,1702.194767390133,65.46638101762301
728,1306.0477806201593,58.37521752871082
729,1565.8757359083827,53.698235263533476
730,1663.4980976110025,62.88944369138124
731,1461.7448713689137,32.20851565273151
732,1740.1179031168795,40.334433562625975
733,1371.2344245595832,36.04516095977461
734,1103.6228201660624,64.92577530860108
735,1599.6735590107264,56.95513917765466
736,1617.620780531978,51.09950261156224
737,1640.5521418020307,39.609115606287496
738,1567.3401077818478,39.920453856318076
739,1629.9511779049237,55.07610687944024
740,1483.3534312290205,33.74698773137277
741,2075.0236902577935,51.73576065545645
742,1176.368529453053,51.21083946218226
743,1305.846815293041,60.2553104737147
744,1342.5004921945151,46.06052327252792
745,1585.2714203597352,55.9885564660662
746,1473.8411500408267,63.268750883424985
747,1185.6580005850965,41.74452396337537
748,1858.2822227338029,47.488161960084916
749,1693.6908690440318,45.64095526328072
750,1746.1837787747709,48.315575891540824
751,1442.8690768631277,52.28449960724819
752,1352.407859571487,51.9576827943822
753,1364.5925172860248,40.82604640731721
754,1552.626588072902,62.25745500144983
755,1436.748914560823,33.93653770761813
756,1706.8453593867491,44.09070278666774
757,1456.7617673644768,43.37668456679665
758,1604.9091803864242,45.59323923525827
759,1428.6256806240222,49.10160195821975
760,1686.0711018329484,50.9233990525996
761,1371.5770335396194,59.32448608161953
762,1232.4651373001598,38.5023632348739
763,1336.4470565630231,38.04595494568275
764,1476.488453689229,46.308864785222916
765,1768.6258913080515,46.57551995329073
766,1368.5728627430203,56.43588226758969
767,1788.3158709890324,64.26309876023684
768,1412.0808736151112,33.02402216664781
769,1238.8934469916196,38.44029568890371
770,1397.864363643009,59.351056931544115
771,1111.78278741861,35.399399063473
772,1302.550993750052,40.255524927820055
773,1776.2800044576857,64.88330959447565
774,1394.43193807709,39.2079542834163
775,1373.3853423552307,33.300506250139975
776,1533.3768377488975,43.2931463825949
777,1182.2454766554636,41.651904771172966
778,1371.3520927662944,56.75292375111409
779,1522.2385506960663,67.97422380840027
780,1733.2667291631128,49.93763669279626
781,1353.0478638652041,64.6615036925932
782,1825.5004337958112,60.20469287032833
783,1919.7127331202641,55.46613737256519
784,1471.8293015074812,49.477583091684906
785,1145.3081802503284,42.93111844016038
786,1438.0877664280542,58.112862113258515
787,1468.4855616608518,43.568365373384346
788,1327.5779027235276,40.541529137247295
789,1602.3942843686737,61.67001362924733
790,1653.8201395126962,44.45460225142973
791,1252.0908007466478,46.55156147947814
792,1082.0384200294961,55.016759976895536
793,1310.4943230311374,52.87208137479555
794,1579.9988242393747,31.06881343285078
795,1348.820574178709,70.28269382737554
796,1949.7940928564497,55.17891520389467
797,1572.2636812169007,41.39424647678366
798,1475.1628227791825,56.63277350093742
799,1550.7320392887527,52.31598364945823
800,1592.7740820669762,49.93773329134756
801,1739.3702303726493,60.98889728905856
802,1682.9943330919273,49.34063951800467
803,1568.5507917638163,40.30971168545982
804,1802.2660579798871,47.044408278777745
805,1476.4727350199535,53.568190325800174
806,1293.937370220377,48.24976221265428
807,1602.5451613991922,58.7023610761131
808,1381.941800056743,48.76490781157317
809,1637.4914480562047,56.52947343132779
810,1252.0082574964595,40.7439040621759
811,1649.1401978007073,38.98170194007709
812,1766.9187111354913,44.64982157486625
813,1373.782895241175,43.30286792654729
814,1563.745444747293,52.023139927256736
815,1402.7003210161618,43.09577313626808
816,1667.3588992016155,68.03600507466263
817,1667.999222474676,52.857146519049365
818,1650.8181260633664,52.10482427701323
819,1334.8897649309633,50.02699600654976
820,1742.001677490264,53.990668087281016
821,1110.5196766085155,36.46675234082202
822,1671.036399524974,46.41569037851549
823,985.2308822461342,54.96289831137605
824,1599.7833323810512,55.956346381305174
825,1249.5201986064449,53.222562246524895
826,1260.3705610615216,50.49006869714057
827,1592.0665866568816,41.57354689945256
828,1945.4003045969755,72.47445350793552
829,1545.1984526737854,66.02074105381644
830,1754.0593762978124,46.0770400003914
831,1605.253409821466,56.9152325148854
832,1436.5210438881643,69.83526703499014
833,1462.628114404322,52.402375025615065
834,1258.6152046254629,50.305207847839775
835,1388.7258724244757,38.413117637771826
836,1319.709912679918,56.50862965413736
837,1282.197203453914,35.83952012236996
838,1580.912161757968,44.63247601466569
839,1359.7266095176801,49.38755556421988
840,1368.8503297202997,42.714168721176335
841,1320.2902313167133,68.3789973226727
842,1565.0395065276007,55.55523549973849
843,1496.0931562266085,42.87855465376756
844,1464.4889260391315,60.947446779761854
845,1579.7838336597422,58.97982888849101
846,1784.2755995428618,52.96878276148977
847,1454.4079136429975,59.33582100682837
848,1392.024038427942,36.147615017254154
849,1506.0834023494456,29.27968038828936
850,1531.1606577880723,52.96130714243637
851,1565.148384218836,48.616799508941504
852,1390.284134636827,61.330661341545415
853,1822.7140904517119,37.337812948316895
854,1287.7309478668049,51.50510466835523
855,1135.9177741471065,61.53565878245521
856,1444.5962906049144,50.31289732529047
857,1087.9479721546584,56.725137327764315
858,1417.1044973364276,39.138095671492884
859,1853.5457789233826,41.21385109152942
860,1539.0216795048389,50.79714650303794
861,1432.843445896985,52.51187812828981
862,1664.7402393015002,49.929980032115694
863,1516.5229057132487,50.84207226585189
864,1695.656248469528,58.87435979393358
865,1746.258970341078,46.28193411224044
866,1157.6707303858734,33.824306537084084
867,1529.143659255137,51.73656708809546
868,1670.3062108791437,52.87795699749292
869,1515.069439747286,44.88977537378193
870,1261.1884624374663,56.5146440070427
871,1367.4446175174128,58.11208778010212
872,1591.5914058707676,50.98403734936567
873,1244.2673287426028,50.46460057416758
874,1410.3338259224515,69.81993359813806
875,1395.411632025009,47.752478674983074
876,1201.0036019817721,52.40964933798601
877,1529.1906897527836,49.81518976679738
878,1675.0566051396215,55.92824114165388
879,1894.5726606266344,51.5805774211906
880,1506.0833940133764,52.2687756355332
881,1390.3358066815852,41.45876330118537
882,1498.6281516412487,54.73089881756083
883,1611.393831833527,62.79896214559365
884,1742.1471577126608,44.93022355176299
885,1504.0764713299575,39.54952218557686
886,1546.2959350909468,51.64715359370926
887,1165.2853932629764,54.50920033508739
888,1075.8366298921114,42.05413791958123
889,1525.6728705859,32.05256058784647
890,1554.1153386227193,49.26505903557167
891,1384.2291755936737,62.852004499806405
892,1670.3369932017042,39.195952067279066
893,1631.1565298121805,49.88844034782396
894,2009.724543798246,44.08148078976042
895,1592.7377383221494,46.774116196095534
896,1133.274269809416,43.6866831048177
897,1499.615412534235,48.091151882466676
898,1492.1257569516567,44.58837160411263
899,1479.5853565745736,54.22397848583987
900,1624.180002657206,60.577762928960404
901,1480.6611980901944,44.674939603461645
902,1591.359608974438,61.37186554172306
903,1689.4607481330036,43.25754235887457
904,1442.3766571118624,43.63742808767689
905,1420.7020919753431,61.97278132346798
906,1741.7512452532526,51.66141901223942
907,1420.5981443113692,37.800741595984874
908,1720.4413568057432,50.5909788836462
909,1276.0105767981938,22.026667027111323
910,1292.9927877091518,66.54548689165503
911,1190.2533240418638,66.82121391705404
912,1282.2900701938631,50.58132945293451
913,1369.6709011271391,62.98404066232334
914,1363.927498456882,36.96898638751577
915,1712.9006386716812,36.23430501575574
916,1803.2309304007867,61.0801492049836
917,1700.171164345861,41.843542389252114
918,1541.0922292167402,49.388447908480806
919,1522.390650013511,39.68078909806777
920,1131.5971897416973,55.57167862676664
921,1351.04701480594,57.99146133053597
922,1716.1765475611826,48.159177488758075
923,1448.4654486613008,52.16858754216463
924,1674.5470239468727,34.86010417485515
925,1822.0680495832921,48.530114776458504
926,1651.6719478382988,53.28364097750713
927,1585.6765703366639,63.06698219760639
928,1361.5006120764024,54.787785393217256
929,1139.8303989874787,46.28300380680815
930,1466.9095226929928,49.42509140907707
931,1555.297376331007,47.78286840652467
932,1332.1072804011235,47.540762185101315
933,1614.5674162642101,53.78466311712169
934,1369.8640793581833,54.224868806660844
935,1504.1141689355613,40.16118922306803
936,1337.2941522018632,40.68405815706612
937,1572.7391310933963,44.664779292639295
938,1391.2893937959493,46.9265724338481
939,1682.3553383767862,51.026496788679275
940,1408.924851133527,46.27192603836106
941,1262.0688239286494,51.97077578376607
942,1394.894388856946,56.13000427141452
943,1529.9371132606866,54.71566767306758
944,1291.4254936059356,48.505079241044776
945,1797.8374100905944,46.268466595086366
946,1671.8645483534856,33.599181508404186
947,1687.1981192015737,48.538358162233166
948,1469.6200635141631,55.31877843500189
949,1478.2356419942284,56.004918141541694
950,1485.4985995218397,61.95806858715223
951,1826.2665675069074,62.06299579798381
952,1331.715887461986,29.12764747521294
953,1386.5520440927949,59.7653384537297
954,1368.0169654465428,47.49200658944541
955,1877.2379412452594,49.87309383430915
956,1823.1793674270618,50.04091560676827
957,1404.694025649637,38.05276021927505
958,1606.0770370460025,54.32425507723538
959,1169.5723627416635,63.78185302664996
960,1410.7676597603531,39.90321390336261
961,1189.3115303928362,51.607945977855714
962,1844.3064777619106,52.02396014346999
963,1657.4130921338874,54.38362516793319
964,1321.5082909954767,64.04392470172819
965,1332.6585372055335,36.02474833618231
966,1463.2498907531706,48.31017117882461
967,1687.7671667031707,58.223528187822076
968,1422.7106570320186,45.49335462970566
969,1346.9612270501775,53.33806470625971
970,1536.4323658495405,54.97947213351987
971,1510.4827529902748,45.25812552676436
972,1589.3794903693274,41.275405572305274
973,1398.3801410482756,45.1610436952616
974,1610.9245407937335,56.79882994967263
975,1532.8042336036033,64.4992540524034
976,1321.0530750322248,39.72462593176765
977,1450.500415467932,51.464802901339695
978,1415.8935579837712,41.164227091837844
979,1311.5433100034977,58.99810055414777
980,1317.0120858141574,38.74040778490231
981,1684.2420912870946,43.998841819956816
982,1245.0340581930195,32.71666862201001
983,1224.8267617642834,55.37318618977097
984,1495.5074319361859,42.335588462081766
985,1526.8593477515249,36.19421257162681
986,1650.2742454153179,44.42502701123907
987,1543.9802501103798,65.4750835543714
988,1731.5246473766347,60.98369019470087
989,1584.2062194630716,52.59218417660674
990,1054.0601985670555,49.51047466112715
991,1509.5086345794816,50.27884401789847
992,1910.4272668317785,65.25665225013192
993,1293.714024720724,56.078185162675254
994,1533.961398706305,63.23632633565987
995,1692.5294922767137,42.33623576320927
996,1800.9109526075656,48.52261752271331
997,1801.2476597992224,54.618232488279745
998,1249.4724525393474,43.255512550913004
999,1260.652591179938,53.21363074421031
